repetition,n,f1_mean,f1_std,omission_mean,omission_std,halluc_mean,halluc_std,raw_json_valid_rate,sds_mean,sds_std,repair_rate,f1_ci_low,f1_ci_high,omission_ci_low,omission_ci_high,halluc_ci_low,halluc_ci_high,sds_ci_low,sds_ci_high
1,100,0.4818338001867414,0.15225336629527453,3.9,1.5666989036012806,3.6,1.2472191289246468,1.0,0.0,0.0,0.0,0.45199214039286756,0.5116754599806151,3.592927014894149,4.207072985105851,3.355545050730769,3.844454949269231,0.0,0.0
5,100,0.3260585901027077,0.20852963627260265,4.99,2.047393020848265,4.6,1.632993161855452,1.0,0.0,0.0,0.0,0.2851867813932776,0.36693039881213785,4.58871096791374,5.39128903208626,4.279933340276331,4.920066659723668,0.0,0.0
10,100,0.3119584500466853,0.186486433443777,5.06,1.819201734139166,4.76,1.4641852286641825,1.0,0.0,0.0,0.0,0.275407109091705,0.3485097910016656,4.7034364601087235,5.416563539891276,4.47301969518182,5.046980304818179,0.0,0.0
16,100,0.2919584500466853,0.17222518386865093,5.2,1.7291324385075275,4.9,1.3816985594155147,1.0,0.0,0.0,0.0,0.25820231400842975,0.32571458608494086,4.861090042052525,5.538909957947475,4.62918708235456,5.170812917645441,0.0,0.0
