{
  "run_id": "20260520_234645",
  "patient_id": "patient_02",
  "repetition": 32,
  "run": 2,
  "model": "meta-llama/Meta-Llama-3.1-8B-Instruct",
  "timestamp": "2026-05-20T23:50:53.394875",
  "ok": 1,
  "status_code": 200,
  "latency_s": 5.59879600000022,
  "micro_precision": 0.42857142857142855,
  "micro_recall": 0.42857142857142855,
  "micro_f1": 0.42857142857142855,
  "omission_count": 4,
  "hallucination_count": 4,
  "drift_vs_1x": 0.4444444444444444,
  "drift_vs_gold": 0.7272727272727273,
  "drift_score": 0.5858585858585859,
  "extracted_entities_n": 7
}