{
  "run_id": "20260524_214255",
  "patient_id": "patient_07",
  "repetition": 5,
  "run": 1,
  "model": "meta-llama/Meta-Llama-3.1-70B-Instruct",
  "timestamp": "2026-05-24T21:50:27.403205",
  "ok": 1,
  "status_code": 200,
  "latency_s": 14.701766700000007,
  "micro_precision": 0.5714285714285714,
  "micro_recall": 0.5714285714285714,
  "micro_f1": 0.5714285714285714,
  "omission_count": 3,
  "hallucination_count": 3,
  "drift_vs_1x": 0.25,
  "drift_vs_gold": 0.6,
  "drift_score": 0.425,
  "extracted_entities_n": 7
}