{
  "run_id": "20260522_165338",
  "patient_id": "patient_14",
  "repetition": 5,
  "run": 1,
  "model": "meta-llama/Meta-Llama-3.1-8B-Instruct",
  "timestamp": "2026-05-22T16:56:33.512210",
  "ok": 1,
  "status_code": 200,
  "latency_s": 1.793871300003957,
  "micro_precision": 0.6666666666666666,
  "micro_recall": 0.6666666666666666,
  "micro_f1": 0.6666666666666666,
  "omission_count": 2,
  "hallucination_count": 2,
  "drift_vs_1x": 0.0,
  "drift_vs_gold": 0.5,
  "drift_score": 0.25,
  "extracted_entities_n": 6
}