{
  "model_key": "llama70b",
  "model": "meta-llama/Meta-Llama-3.1-70B-Instruct",
  "condition": "filler_control",
  "patient_id": "patient_02",
  "repetition": 2,
  "run": 3,
  "timestamp": "2026-05-22T02:11:17.188816",
  "latency_s": 6.180933999999979,
  "micro_precision": 0.14285714285714285,
  "micro_recall": 0.14285714285714285,
  "micro_f1": 0.14285714285714285,
  "omission_count": 6,
  "hallucination_count": 6,
  "drift_vs_1x": 0.0,
  "drift_vs_gold": 0.9230769230769231,
  "drift_score": 0.46153846153846156,
  "extracted_entities_n": 7,
  "pdf_pages": 1,
  "character_count": 1124,
  "estimated_tokens": 281
}