{
  "run_id": "20260520_192127",
  "patient_id": "patient_07",
  "repetition": 16,
  "run": 3,
  "model": "meta-llama/Meta-Llama-3.1-8B-Instruct",
  "timestamp": "2026-05-20T19:31:13.975364",
  "ok": 1,
  "status_code": 200,
  "latency_s": 5.627705500000957,
  "micro_precision": 0.2857142857142857,
  "micro_recall": 0.2857142857142857,
  "micro_f1": 0.2857142857142857,
  "omission_count": 5,
  "hallucination_count": 5,
  "drift_vs_1x": 0.7272727272727273,
  "drift_vs_gold": 0.8333333333333334,
  "drift_score": 0.7803030303030303,
  "extracted_entities_n": 7
}