repetition,n,f1_mean,f1_std,omission_mean,omission_std,halluc_mean,halluc_std,raw_json_valid_rate,sds_mean,sds_std,repair_rate,f1_ci_low,f1_ci_high,omission_ci_low,omission_ci_high,halluc_ci_low,halluc_ci_high,sds_ci_low,sds_ci_high
1,100,0.4805396825396825,0.156411658015058,3.93,1.659104054188966,3.59,1.2720380529216915,1.0,0.0,0.0,0.0,0.4498829975687311,0.5111963675106339,3.604815605378963,4.255184394621038,3.340680541627348,3.8393194583726515,0.0,0.0
5,100,0.5111426237161532,0.13708690576854762,3.79,1.7712348029758018,3.39,1.2783749153681108,1.0,0.0,0.0,0.0,0.4842735901855178,0.5380116572467885,3.442837978616743,4.137162021383257,3.1394385165878504,3.64056148341215,0.0,0.0
10,100,0.4844185340802988,0.18401786923342958,4.01,2.134351082988585,3.62,1.6804280358998966,1.0,0.0,0.0,0.0,0.4483510317105466,0.520486036450051,3.591667187734237,4.428332812265762,3.29063610496362,3.94936389503638,0.0,0.0
16,100,0.46424229691876745,0.20509139752399752,4.17,2.3140109041762233,3.78,1.8234167063094726,1.0,0.0,0.0,0.0,0.42404438300406394,0.504440210833471,3.71645386278146,4.62354613721854,3.422610325563343,4.1373896744366565,0.0,0.0
