repetition,n,f1_mean,f1_std,omission_mean,omission_std,halluc_mean,halluc_std,raw_json_valid_rate,sds_mean,sds_std,repair_rate,f1_ci_low,f1_ci_high,omission_ci_low,omission_ci_high,halluc_ci_low,halluc_ci_high,sds_ci_low,sds_ci_high
5,10,0.428422035480859,0.18508651133295595,4.2,1.6193277068654826,3.9,1.286683937707919,1.0,0.0,0.0,0.0,0.3137042272434642,0.5431398437182537,3.196330288945169,5.203669711054832,3.1025050331053983,4.6974949668946016,0.0,0.0
10,10,0.3475513538748833,0.17377225613226843,4.8,1.7511900715418263,4.4,1.3498971154211057,1.0,0.0,0.0,0.0,0.23984619366415377,0.4552565140856128,3.714601148578705,5.885398851421295,3.563325099642108,5.236674900357892,0.0,0.0
16,10,0.33318394024276377,0.13866931304939925,4.9,1.3703203194062976,4.7,1.2516655570345725,1.0,0.0,0.0,0.0,0.24723580956458965,0.41913207092093785,4.050666666666667,5.749333333333333,3.924209650313523,5.475790349686477,0.0,0.0
