repetition,entity_type,tp,fp,fn,pred_n,gold_n,precision,recall
1,conditions,13,5,6,18,19,0.7222222222222222,0.6842105263157895
1,medications,2,23,23,25,25,0.08,0.08
1,observations,15,5,7,20,22,0.75,0.6818181818181818
1,procedures,3,4,4,7,7,0.42857142857142855,0.42857142857142855
32,conditions,12,5,7,17,19,0.7058823529411765,0.631578947368421
32,medications,0,25,25,25,25,0.0,0.0
32,observations,4,17,18,21,22,0.19047619047619047,0.18181818181818182
32,procedures,3,4,4,7,7,0.42857142857142855,0.42857142857142855
