{
  "run_id": "20260520_192127",
  "patient_id": "patient_02",
  "repetition": 16,
  "run": 2,
  "model": "meta-llama/Meta-Llama-3.1-8B-Instruct",
  "timestamp": "2026-05-20T19:24:53.321434",
  "ok": 1,
  "status_code": 200,
  "latency_s": 5.626493599998867,
  "micro_precision": 0.14285714285714285,
  "micro_recall": 0.14285714285714285,
  "micro_f1": 0.14285714285714285,
  "omission_count": 6,
  "hallucination_count": 6,
  "drift_vs_1x": 0.9230769230769231,
  "drift_vs_gold": 0.9230769230769231,
  "drift_score": 0.9230769230769231,
  "extracted_entities_n": 7
}