model_key,repetition,F1_drop_redundancy,F1_drop_control,DRE
llama70b,1,0.0,0.0,0.0
llama70b,2,-0.023529411764705965,0.009803921568627416,-0.03333333333333338
llama70b,5,-0.07488328664799265,-0.08916900093370689,0.014285714285714235
llama70b,10,-0.07488328664799265,-0.032026143790849726,-0.04285714285714293
llama70b,16,-0.07488328664799265,-0.08916900093370689,0.014285714285714235
llama70b,32,-0.07488328664799265,-0.07488328664799265,0.0
