{
  "model_key": "llama70b",
  "model": "meta-llama/Meta-Llama-3.1-70B-Instruct",
  "condition": "redundancy",
  "patient_id": "patient_01",
  "repetition": 2,
  "run": 1,
  "timestamp": "2026-05-21T00:58:26.288650",
  "latency_s": 4.689942699999847,
  "micro_precision": 0.5,
  "micro_recall": 0.4444444444444444,
  "micro_f1": 0.47058823529411764,
  "omission_count": 5,
  "hallucination_count": 4,
  "drift_vs_1x": 0.7692307692307692,
  "drift_vs_gold": 0.6923076923076923,
  "drift_score": 0.7307692307692307,
  "extracted_entities_n": 8,
  "pdf_pages": 1,
  "character_count": 1439,
  "estimated_tokens": 360
}