model_key,repetition,F1_drop_redundancy,F1_drop_control,DRE
qwen72b,2,0.0,0.0,0.0
qwen72b,5,0.011675493409239568,0.0,0.011675493409239568
qwen72b,10,0.016803698537444678,-0.001124699202174062,0.01792839773961874
qwen72b,16,0.016803698537444678,-0.014287687974918972,0.03109138651236365
