patient_id,F1_1x,F1_2x,F1_5x,monotonic_decrease,trend_label,delta_2x_minus_1x,delta_5x_minus_1x
patient_01,0.3529411764705882,0.125,0.125,1,monotonic_decrease,-0.2279411764705882,-0.2279411764705882
patient_02,0.7142857142857143,0.7142857142857143,0.4285714285714285,1,monotonic_decrease,0.0,-0.2857142857142858
patient_03,0.4444444444444444,0.4444444444444444,0.4444444444444444,0,no_change,0.0,0.0
