repetition,n,f1_mean,f1_std,omission_mean,omission_std,halluc_mean,halluc_std,raw_json_valid_rate,sds_mean,sds_std,repair_rate,f1_ci_low,f1_ci_high,omission_ci_low,omission_ci_high,halluc_ci_low,halluc_ci_high,sds_ci_low,sds_ci_high,condition
1,10,0.46842203548085903,0.1730688757280538,4.0,1.7638342073763937,3.7,1.4181364924121764,1.0,0.0,0.0,0.0,0.36115283496134376,0.5756912360003743,2.9067642319954747,5.093235768004526,2.8210298955911846,4.578970104408816,0.0,0.0,filler_control
5,10,0.5223926237161531,0.12476141676660414,3.7,1.7029386365926402,3.3,1.2516655570345725,1.0,0.0,0.0,0.0,0.4450646964621233,0.599720550970183,2.6445076978016377,4.755492302198363,2.5242096503135225,4.075790349686477,0.0,0.0,filler_control
10,10,0.5098926237161531,0.14567824360995435,3.8,1.8737959096740262,3.4,1.3498971154211057,1.0,0.0,0.0,0.0,0.41960031286944927,0.6001849345628569,2.6386092628040965,4.961390737195903,2.5633250996421078,4.236674900357892,0.0,0.0,filler_control
16,10,0.4973926237161531,0.17321631045877905,3.9,2.078995483935023,3.5,1.509230856356236,1.0,0.0,0.0,0.0,0.390032042203798,0.6047532052285083,2.6114252490100203,5.18857475098998,2.564569023865945,4.435430976134055,0.0,0.0,filler_control
1,10,0.46989262371615315,0.17091695674425358,4.0,1.7638342073763937,3.6,1.2649110640673518,1.0,0.0,0.0,0.0,0.3639571964011148,0.5758280510311915,2.9067642319954747,5.093235768004526,2.8160000000000003,4.384,0.0,0.0,section_redundancy
5,10,0.4916153127917834,0.14576144525448861,3.9,1.7288403306519922,3.6,1.429840705968481,1.0,0.0,0.0,0.0,0.4012714330315268,0.58195919255204,2.8284536614986937,4.971546338501306,2.7137755488716317,4.486224451128368,0.0,0.0,section_redundancy
10,10,0.4280859010270775,0.1793223032661686,4.3,1.828782229912694,4.0,1.49071198499986,1.0,0.0,0.0,0.0,0.3169407859637228,0.5392310160904321,3.1665090305706984,5.433490969429301,3.076047139249578,4.923952860750422,0.0,0.0,section_redundancy
16,10,0.42366013071895425,0.18601916683919448,4.3,1.7669811040931427,4.1,1.5951314818673865,1.0,0.0,0.0,0.0,0.3083642566098453,0.5389560048280633,3.204813765202973,5.395186234797027,3.1113272645724583,5.088672735427541,0.0,0.0,section_redundancy
