{
  "run_id": "20260522_161848",
  "patient_id": "patient_87",
  "repetition": 1,
  "run": 1,
  "model": "meta-llama/Meta-Llama-3.1-8B-Instruct",
  "timestamp": "2026-05-22T16:38:51.720819",
  "ok": 1,
  "status_code": 200,
  "latency_s": 2.204000999998243,
  "micro_precision": 0.5714285714285714,
  "micro_recall": 0.5714285714285714,
  "micro_f1": 0.5714285714285714,
  "omission_count": 3,
  "hallucination_count": 3,
  "drift_vs_1x": 0.0,
  "drift_vs_gold": 0.6,
  "drift_score": 0.3,
  "extracted_entities_n": 7
}