repetition,n,f1_mean,f1_std,omission_mean,omission_std,halluc_mean,halluc_std,raw_json_valid_rate,sds_mean,sds_std,repair_rate,f1_ci_low,f1_ci_high,omission_ci_low,omission_ci_high,halluc_ci_low,halluc_ci_high,sds_ci_low,sds_ci_high
1,99,0.46289977270369426,0.16681430083466509,4.05050505050505,1.7105538986773714,3.8484848484848486,1.514310217885549,1.0,0.0,0.0,0.0,0.43003945533258076,0.49576009007480776,3.713547465275923,4.3874626357341775,3.5501847980152035,4.146784898954493,0.0,0.0
5,99,0.5506606683077271,0.09492613301281735,3.3838383838383836,1.2833873443565293,3.282828282828283,1.1870079349184088,1.0,0.0,0.0,0.0,0.5319614150542225,0.5693599215612317,3.1310272325485156,3.6366495351282517,3.0490026619535566,3.516653903703009,0.0,0.0
10,100,0.5495985060690942,0.09504088427899679,3.4,1.2870763988845637,3.3,1.1934162828797101,1.0,0.0,0.0,0.0,0.5309704927504109,0.5682265193877776,3.1477330258186256,3.6522669741813742,3.0660904085555765,3.533909591444423,0.0,0.0
16,100,0.5495985060690942,0.09504088427899679,3.4,1.2870763988845637,3.3,1.1934162828797101,1.0,0.0,0.0,0.0,0.5309704927504109,0.5682265193877776,3.1477330258186256,3.6522669741813742,3.0660904085555765,3.533909591444423,0.0,0.0
