{
  "run_id": "20260520_235546",
  "patient_id": "patient_10",
  "repetition": 1,
  "run": 2,
  "model": "meta-llama/Meta-Llama-3.1-8B-Instruct",
  "timestamp": "2026-05-21T00:16:42.943993",
  "ok": 1,
  "status_code": 200,
  "latency_s": 5.433587999999872,
  "micro_precision": 0.42857142857142855,
  "micro_recall": 0.42857142857142855,
  "micro_f1": 0.42857142857142855,
  "omission_count": 4,
  "hallucination_count": 4,
  "drift_vs_1x": 0.0,
  "drift_vs_gold": 0.7272727272727273,
  "drift_score": 0.36363636363636365,
  "extracted_entities_n": 7
}