{
  "model_key": "llama70b",
  "model": "meta-llama/Meta-Llama-3.1-70B-Instruct",
  "condition": "redundancy",
  "patient_id": "patient_02",
  "repetition": 2,
  "run": 1,
  "timestamp": "2026-05-21T00:58:54.847243",
  "latency_s": 4.0483188999996855,
  "micro_precision": 0.14285714285714285,
  "micro_recall": 0.14285714285714285,
  "micro_f1": 0.14285714285714285,
  "omission_count": 6,
  "hallucination_count": 6,
  "drift_vs_1x": 0.8333333333333334,
  "drift_vs_gold": 0.9230769230769231,
  "drift_score": 0.8782051282051282,
  "extracted_entities_n": 7,
  "pdf_pages": 1,
  "character_count": 1083,
  "estimated_tokens": 271
}