{
  "run_id": "20260522_161359",
  "patient_id": "patient_10",
  "repetition": 16,
  "run": 1,
  "model": "meta-llama/Meta-Llama-3.1-8B-Instruct",
  "timestamp": "2026-05-22T16:16:05.210988",
  "ok": 1,
  "status_code": 200,
  "latency_s": 4.465320399998745,
  "micro_precision": 0.25,
  "micro_recall": 0.2857142857142857,
  "micro_f1": 0.26666666666666666,
  "omission_count": 5,
  "hallucination_count": 6,
  "drift_vs_1x": 0.5,
  "drift_vs_gold": 0.8461538461538461,
  "drift_score": 0.6730769230769231,
  "extracted_entities_n": 8
}