{
  "run_id": "20260520_233641",
  "patient_id": "patient_01",
  "repetition": 32,
  "run": 1,
  "model": "meta-llama/Meta-Llama-3.1-8B-Instruct",
  "timestamp": "2026-05-20T23:39:04.272643",
  "ok": 1,
  "status_code": 200,
  "latency_s": 10.5183798999999,
  "micro_precision": 0.14285714285714285,
  "micro_recall": 0.1111111111111111,
  "micro_f1": 0.125,
  "omission_count": 8,
  "hallucination_count": 6,
  "drift_vs_1x": 0.6,
  "drift_vs_gold": 0.9333333333333333,
  "drift_score": 0.7666666666666666,
  "extracted_entities_n": 7
}