{
  "run_id": "20260520_235546",
  "patient_id": "patient_03",
  "repetition": 32,
  "run": 3,
  "model": "meta-llama/Meta-Llama-3.1-8B-Instruct",
  "timestamp": "2026-05-21T00:05:35.680983",
  "ok": 1,
  "status_code": 200,
  "latency_s": 15.738668599999983,
  "micro_precision": 0.2222222222222222,
  "micro_recall": 0.2222222222222222,
  "micro_f1": 0.2222222222222222,
  "omission_count": 7,
  "hallucination_count": 7,
  "drift_vs_1x": 0.5,
  "drift_vs_gold": 0.875,
  "drift_score": 0.6875,
  "extracted_entities_n": 9
}