{
  "run_id": "20260522_161848",
  "patient_id": "patient_56",
  "repetition": 1,
  "run": 1,
  "model": "meta-llama/Meta-Llama-3.1-8B-Instruct",
  "timestamp": "2026-05-22T16:31:42.143686",
  "ok": 1,
  "status_code": 200,
  "latency_s": 2.745146900000691,
  "micro_precision": 0.6,
  "micro_recall": 0.6,
  "micro_f1": 0.6,
  "omission_count": 2,
  "hallucination_count": 2,
  "drift_vs_1x": 0.0,
  "drift_vs_gold": 0.5714285714285714,
  "drift_score": 0.2857142857142857,
  "extracted_entities_n": 5
}