{
  "run_id": "20260520_234645",
  "patient_id": "patient_01",
  "repetition": 1,
  "run": 2,
  "model": "meta-llama/Meta-Llama-3.1-8B-Instruct",
  "timestamp": "2026-05-20T23:46:57.879984",
  "ok": 1,
  "status_code": 200,
  "latency_s": 11.960149799999726,
  "micro_precision": 0.375,
  "micro_recall": 0.3333333333333333,
  "micro_f1": 0.35294117647058826,
  "omission_count": 6,
  "hallucination_count": 5,
  "drift_vs_1x": 0.0,
  "drift_vs_gold": 0.7857142857142857,
  "drift_score": 0.39285714285714285,
  "extracted_entities_n": 8
}