{
  "run_id": "20260522_165338",
  "patient_id": "patient_52",
  "repetition": 1,
  "run": 1,
  "model": "meta-llama/Meta-Llama-3.1-8B-Instruct",
  "timestamp": "2026-05-22T17:04:42.481452",
  "ok": 1,
  "status_code": 200,
  "latency_s": 3.1718645000000834,
  "micro_precision": 0.7142857142857143,
  "micro_recall": 0.7142857142857143,
  "micro_f1": 0.7142857142857143,
  "omission_count": 2,
  "hallucination_count": 2,
  "drift_vs_1x": 0.0,
  "drift_vs_gold": 0.4444444444444444,
  "drift_score": 0.2222222222222222,
  "extracted_entities_n": 7
}