{
  "run_id": "20260522_165338",
  "patient_id": "patient_32",
  "repetition": 16,
  "run": 1,
  "model": "meta-llama/Meta-Llama-3.1-8B-Instruct",
  "timestamp": "2026-05-22T17:00:21.334948",
  "ok": 1,
  "status_code": 200,
  "latency_s": 4.336740599996119,
  "micro_precision": 0.42857142857142855,
  "micro_recall": 0.42857142857142855,
  "micro_f1": 0.42857142857142855,
  "omission_count": 4,
  "hallucination_count": 4,
  "drift_vs_1x": 0.6,
  "drift_vs_gold": 0.7272727272727273,
  "drift_score": 0.6636363636363636,
  "extracted_entities_n": 7
}