{
  "run_id": "20260522_165338",
  "patient_id": "patient_21",
  "repetition": 5,
  "run": 1,
  "model": "meta-llama/Meta-Llama-3.1-8B-Instruct",
  "timestamp": "2026-05-22T16:57:50.425702",
  "ok": 1,
  "status_code": 200,
  "latency_s": 2.4341840999986744,
  "micro_precision": 0.42857142857142855,
  "micro_recall": 0.3333333333333333,
  "micro_f1": 0.375,
  "omission_count": 6,
  "hallucination_count": 4,
  "drift_vs_1x": 0.9285714285714286,
  "drift_vs_gold": 0.7692307692307692,
  "drift_score": 0.8489010989010989,
  "extracted_entities_n": 7
}