{
  "run_id": "20260522_165338",
  "patient_id": "patient_13",
  "repetition": 16,
  "run": 1,
  "model": "meta-llama/Meta-Llama-3.1-8B-Instruct",
  "timestamp": "2026-05-22T16:56:27.540588",
  "ok": 1,
  "status_code": 200,
  "latency_s": 3.7266617999994196,
  "micro_precision": 0.3333333333333333,
  "micro_recall": 0.3333333333333333,
  "micro_f1": 0.3333333333333333,
  "omission_count": 6,
  "hallucination_count": 6,
  "drift_vs_1x": 0.19999999999999996,
  "drift_vs_gold": 0.8,
  "drift_score": 0.5,
  "extracted_entities_n": 9
}