{
  "run_id": "20260522_165338",
  "patient_id": "patient_41",
  "repetition": 10,
  "run": 1,
  "model": "meta-llama/Meta-Llama-3.1-8B-Instruct",
  "timestamp": "2026-05-22T17:02:17.837250",
  "ok": 1,
  "status_code": 200,
  "latency_s": 5.690060300003097,
  "micro_precision": 0.2857142857142857,
  "micro_recall": 0.2222222222222222,
  "micro_f1": 0.25,
  "omission_count": 7,
  "hallucination_count": 5,
  "drift_vs_1x": 0.5,
  "drift_vs_gold": 0.8571428571428572,
  "drift_score": 0.6785714285714286,
  "extracted_entities_n": 7
}