{
  "run_id": "20260524_214255",
  "patient_id": "patient_62",
  "repetition": 10,
  "run": 1,
  "model": "meta-llama/Meta-Llama-3.1-70B-Instruct",
  "timestamp": "2026-05-24T22:59:07.936098",
  "ok": 1,
  "status_code": 200,
  "latency_s": 15.145490599999903,
  "micro_precision": 0.7142857142857143,
  "micro_recall": 0.7142857142857143,
  "micro_f1": 0.7142857142857143,
  "omission_count": 2,
  "hallucination_count": 2,
  "drift_vs_1x": 0.9230769230769231,
  "drift_vs_gold": 0.4444444444444444,
  "drift_score": 0.6837606837606838,
  "extracted_entities_n": 7
}