{
  "run_id": "20260522_161848",
  "patient_id": "patient_99",
  "repetition": 10,
  "run": 1,
  "model": "meta-llama/Meta-Llama-3.1-8B-Instruct",
  "timestamp": "2026-05-22T16:41:23.815484",
  "ok": 1,
  "status_code": 200,
  "latency_s": 3.132216399993922,
  "micro_precision": 0.2,
  "micro_recall": 0.2,
  "micro_f1": 0.20000000000000004,
  "omission_count": 4,
  "hallucination_count": 4,
  "drift_vs_1x": 0.5714285714285714,
  "drift_vs_gold": 0.8888888888888888,
  "drift_score": 0.7301587301587301,
  "extracted_entities_n": 5
}