{
  "model_key": "qwen72b",
  "model": "Qwen/Qwen2.5-72B-Instruct",
  "condition": "filler_control",
  "patient_id": "patient_01",
  "repetition": 32,
  "run": 1,
  "timestamp": "2026-05-22T01:18:17.063814",
  "latency_s": 8.182131700000355,
  "micro_precision": 0.5,
  "micro_recall": 0.4444444444444444,
  "micro_f1": 0.47058823529411764,
  "omission_count": 5,
  "hallucination_count": 4,
  "drift_vs_1x": 0.0,
  "drift_vs_gold": 0.6923076923076923,
  "drift_score": 0.34615384615384615,
  "extracted_entities_n": 8,
  "pdf_pages": 9,
  "character_count": 23360,
  "estimated_tokens": 5840
}