{
  "run_id": "20260524_214255",
  "patient_id": "patient_60",
  "repetition": 10,
  "run": 1,
  "model": "meta-llama/Meta-Llama-3.1-70B-Instruct",
  "timestamp": "2026-05-24T22:55:54.147729",
  "ok": 1,
  "status_code": 200,
  "latency_s": 33.73790050000389,
  "micro_precision": 0.42857142857142855,
  "micro_recall": 0.42857142857142855,
  "micro_f1": 0.42857142857142855,
  "omission_count": 4,
  "hallucination_count": 4,
  "drift_vs_1x": 0.25,
  "drift_vs_gold": 0.7272727272727273,
  "drift_score": 0.48863636363636365,
  "extracted_entities_n": 7
}