{
  "patient_id": "patient_54",
  "repetition": 1,
  "run": 1,
  "micro_precision": 0.6666666666666666,
  "micro_recall": 0.6666666666666666,
  "micro_f1": 0.6666666666666666,
  "omission_count": 2,
  "hallucination_count": 2,
  "extracted_entities_n": 6
}