{
  "run_id": "20260520_192127",
  "patient_id": "patient_01",
  "repetition": 2,
  "run": 1,
  "model": "meta-llama/Meta-Llama-3.1-8B-Instruct",
  "timestamp": "2026-05-20T19:21:49.397848",
  "ok": 1,
  "status_code": 200,
  "latency_s": 5.975067399998807,
  "micro_precision": 0.14285714285714285,
  "micro_recall": 0.1111111111111111,
  "micro_f1": 0.125,
  "omission_count": 8,
  "hallucination_count": 6,
  "drift_vs_1x": 0.33333333333333337,
  "drift_vs_gold": 0.9333333333333333,
  "drift_score": 0.6333333333333333,
  "extracted_entities_n": 7
}