prompt,repetition,F1_drop_redundancy,F1_drop_control,DRE
promptA,1,0.0,0.0,0.0
promptA,5,0.14493697478991596,-0.029705882352941138,0.1746428571428571
promptA,10,0.14936274509803926,0.005588235294117616,0.14377450980392165
promptA,16,0.17793417366946784,0.03427871148459383,0.14365546218487402
promptB,1,0.0,0.0,0.0
promptB,5,0.09844992382918083,0.008011081625632799,0.09043884220354803
promptB,10,0.09559278097203794,0.045315003194260184,0.050277777777777755
promptB,16,0.1654340508133078,0.12420155781610898,0.04123249299719883
