{
  "run_id": "20260522_161848",
  "patient_id": "patient_21",
  "repetition": 5,
  "run": 1,
  "model": "meta-llama/Meta-Llama-3.1-8B-Instruct",
  "timestamp": "2026-05-22T16:23:41.880722",
  "ok": 1,
  "status_code": 200,
  "latency_s": 5.231438300004811,
  "micro_precision": 0.25,
  "micro_recall": 0.2222222222222222,
  "micro_f1": 0.23529411764705882,
  "omission_count": 7,
  "hallucination_count": 6,
  "drift_vs_1x": 0.4,
  "drift_vs_gold": 0.8666666666666667,
  "drift_score": 0.6333333333333333,
  "extracted_entities_n": 8
}