{
  "model_key": "llama70b",
  "model": "meta-llama/Meta-Llama-3.1-70B-Instruct",
  "condition": "filler_control",
  "patient_id": "patient_10",
  "repetition": 10,
  "run": 3,
  "timestamp": "2026-05-22T02:18:45.348094",
  "latency_s": 4.1609086000007665,
  "micro_precision": 0.42857142857142855,
  "micro_recall": 0.42857142857142855,
  "micro_f1": 0.42857142857142855,
  "omission_count": 4,
  "hallucination_count": 4,
  "drift_vs_1x": 0.0,
  "drift_vs_gold": 0.7272727272727273,
  "drift_score": 0.36363636363636365,
  "extracted_entities_n": 7,
  "pdf_pages": 3,
  "character_count": 5026,
  "estimated_tokens": 1257
}