{
  "run_id": "20260524_214255",
  "patient_id": "patient_21",
  "repetition": 10,
  "run": 1,
  "model": "meta-llama/Meta-Llama-3.1-70B-Instruct",
  "timestamp": "2026-05-24T22:06:28.788074",
  "ok": 1,
  "status_code": 200,
  "latency_s": 24.300727000001643,
  "micro_precision": 0.5555555555555556,
  "micro_recall": 0.5555555555555556,
  "micro_f1": 0.5555555555555556,
  "omission_count": 4,
  "hallucination_count": 4,
  "drift_vs_1x": 0.7857142857142857,
  "drift_vs_gold": 0.6153846153846154,
  "drift_score": 0.7005494505494505,
  "extracted_entities_n": 9
}