repetition,n,f1_mean,f1_std,omission_mean,omission_std,halluc_mean,halluc_std,raw_json_valid_rate,sds_mean,sds_std,repair_rate,f1_ci_low,f1_ci_high,omission_ci_low,omission_ci_high,halluc_ci_low,halluc_ci_high,sds_ci_low,sds_ci_high
1,100,0.4667152194211017,0.1643970339376677,4.04,1.7169387839637118,3.84,1.5223586166129706,1.0,0.0,0.0,0.0,0.43449340076931886,0.4989370380728846,3.7034799983431124,4.376520001656887,3.5416177111438576,4.138382288856142,0.0,0.0
5,100,0.5361998132586367,0.11576918311037987,3.51,1.3816620060600566,3.37,1.2685392856320683,1.0,0.0,0.0,0.0,0.5135090533690023,0.5588905731482712,3.239194246812229,3.780805753187771,3.1213663000161147,3.6186336999838855,0.0,0.0
10,100,0.5516059757236228,0.09813096749505137,3.39,1.3095993681468028,3.28,1.20671521750644,1.0,0.0,0.0,0.0,0.5323723060945927,0.5708396453526529,3.1333185238432266,3.6466814761567736,3.0434838173687377,3.516516182631262,0.0,0.0
16,100,0.5581699346405229,0.09446841718242864,3.34,1.2966156412800678,3.24,1.1986524420229894,1.0,0.0,0.0,0.0,0.5396541248727669,0.5766857444082789,3.0858633343091064,3.5941366656908933,3.0050641213634943,3.474935878636506,0.0,0.0
