repetition,mean_dre,mean_drop_red,mean_drop_fill,f1_red,f1_fill,n
5,0.0617073879836853,0.05855713493837983,-0.0031502530453054733,0.6050182014535744,0.6694923878562322,10
10,0.0447095597822492,0.03944737269397518,-0.005262187088274017,0.6241279636979792,0.6716043218992007,10
16,-0.007923631853905178,-0.00190156191103088,0.006022069942874297,0.6654768983029852,0.6603200648680525,10
