{
  "run_id": "20260524_190520",
  "patient_id": "patient_02",
  "repetition": 1,
  "run": 1,
  "model": "meta-llama/Meta-Llama-3.1-70B-Instruct",
  "timestamp": "2026-05-24T19:06:19.892825",
  "ok": 1,
  "status_code": 200,
  "latency_s": 18.448839399999997,
  "micro_precision": 0.14285714285714285,
  "micro_recall": 0.14285714285714285,
  "micro_f1": 0.14285714285714285,
  "omission_count": 6,
  "hallucination_count": 6,
  "drift_vs_1x": 0.0,
  "drift_vs_gold": 0.9230769230769231,
  "drift_score": 0.46153846153846156,
  "extracted_entities_n": 7
}