{
  "run_id": "20260520_235546",
  "patient_id": "patient_01",
  "repetition": 32,
  "run": 1,
  "model": "meta-llama/Meta-Llama-3.1-8B-Instruct",
  "timestamp": "2026-05-21T00:00:18.752776",
  "ok": 1,
  "status_code": 200,
  "latency_s": 14.963871299999937,
  "micro_precision": 0.14285714285714285,
  "micro_recall": 0.1111111111111111,
  "micro_f1": 0.125,
  "omission_count": 8,
  "hallucination_count": 6,
  "drift_vs_1x": 0.75,
  "drift_vs_gold": 0.9333333333333333,
  "drift_score": 0.8416666666666667,
  "extracted_entities_n": 7
}