{
  "model_key": "llama70b",
  "model": "meta-llama/Meta-Llama-3.1-70B-Instruct",
  "condition": "redundancy",
  "patient_id": "patient_02",
  "repetition": 32,
  "run": 1,
  "timestamp": "2026-05-21T00:59:12.441532",
  "latency_s": 3.8223752000003515,
  "micro_precision": 0.7142857142857143,
  "micro_recall": 0.7142857142857143,
  "micro_f1": 0.7142857142857143,
  "omission_count": 2,
  "hallucination_count": 2,
  "drift_vs_1x": 0.9230769230769231,
  "drift_vs_gold": 0.4444444444444444,
  "drift_score": 0.6837606837606838,
  "extracted_entities_n": 7,
  "pdf_pages": 16,
  "character_count": 17343,
  "estimated_tokens": 4336
}