{
  "run_id": "20260524_214255",
  "patient_id": "patient_39",
  "repetition": 1,
  "run": 1,
  "model": "meta-llama/Meta-Llama-3.1-70B-Instruct",
  "timestamp": "2026-05-24T22:29:36.606974",
  "ok": 1,
  "status_code": 200,
  "latency_s": 23.728162599996722,
  "micro_precision": 0.2,
  "micro_recall": 0.2,
  "micro_f1": 0.20000000000000004,
  "omission_count": 4,
  "hallucination_count": 4,
  "drift_vs_1x": 0.0,
  "drift_vs_gold": 0.8888888888888888,
  "drift_score": 0.4444444444444444,
  "extracted_entities_n": 5
}