{
  "run_id": "20260524_214255",
  "patient_id": "patient_42",
  "repetition": 5,
  "run": 1,
  "model": "meta-llama/Meta-Llama-3.1-70B-Instruct",
  "timestamp": "2026-05-24T22:33:57.688790",
  "ok": 1,
  "status_code": 200,
  "latency_s": 28.033759999998438,
  "micro_precision": 0.14285714285714285,
  "micro_recall": 0.14285714285714285,
  "micro_f1": 0.14285714285714285,
  "omission_count": 6,
  "hallucination_count": 6,
  "drift_vs_1x": 0.7272727272727273,
  "drift_vs_gold": 0.9230769230769231,
  "drift_score": 0.8251748251748252,
  "extracted_entities_n": 7
}