model_key,repetition,F1_drop_redundancy,F1_drop_control,DRE
qwen72b,1,0.0,0.0,0.0
qwen72b,2,0.0,0.0,0.0
qwen72b,5,0.0,0.0,0.0
qwen72b,10,0.0,0.0,0.0
qwen72b,16,0.020000000000000018,0.0,0.020000000000000018
qwen72b,32,0.020000000000000018,0.0,0.020000000000000018
