{
  "run_id": "20260520_235546",
  "patient_id": "patient_07",
  "repetition": 1,
  "run": 2,
  "model": "meta-llama/Meta-Llama-3.1-8B-Instruct",
  "timestamp": "2026-05-21T00:10:22.292848",
  "ok": 1,
  "status_code": 200,
  "latency_s": 4.247010300000056,
  "micro_precision": 0.5714285714285714,
  "micro_recall": 0.5714285714285714,
  "micro_f1": 0.5714285714285714,
  "omission_count": 3,
  "hallucination_count": 3,
  "drift_vs_1x": 0.0,
  "drift_vs_gold": 0.6,
  "drift_score": 0.3,
  "extracted_entities_n": 7
}