{
  "run_id": "20260520_235546",
  "patient_id": "patient_02",
  "repetition": 32,
  "run": 1,
  "model": "meta-llama/Meta-Llama-3.1-8B-Instruct",
  "timestamp": "2026-05-21T00:03:29.945821",
  "ok": 1,
  "status_code": 200,
  "latency_s": 12.326251599999978,
  "micro_precision": 0.42857142857142855,
  "micro_recall": 0.42857142857142855,
  "micro_f1": 0.42857142857142855,
  "omission_count": 4,
  "hallucination_count": 4,
  "drift_vs_1x": 0.4444444444444444,
  "drift_vs_gold": 0.7272727272727273,
  "drift_score": 0.5858585858585859,
  "extracted_entities_n": 7
}