repetition,n,f1_mean,f1_std,omission_mean,omission_std,halluc_mean,halluc_std,raw_json_valid_rate,sds_mean,sds_std,repair_rate,f1_ci_low,f1_ci_high,omission_ci_low,omission_ci_high,halluc_ci_low,halluc_ci_high,sds_ci_low,sds_ci_high,output_variance_mean
1,30,0.0,0.0,7.3,1.5789564428051401,0.0,0.0,0.0,5.0,0.0,1.0,0.0,0.0,6.734977693452239,7.86502230654776,0.0,0.0,5.0,5.0,0.0
2,30,0.0,0.0,7.3,1.5789564428051401,0.0,0.0,0.0,5.0,0.0,1.0,0.0,0.0,6.734977693452239,7.86502230654776,0.0,0.0,5.0,5.0,0.0
5,30,0.0,0.0,7.3,1.5789564428051401,0.0,0.0,0.0,5.0,0.0,1.0,0.0,0.0,6.734977693452239,7.86502230654776,0.0,0.0,5.0,5.0,0.0
10,30,0.0,0.0,7.3,1.5789564428051401,0.0,0.0,0.0,5.0,0.0,1.0,0.0,0.0,6.734977693452239,7.86502230654776,0.0,0.0,5.0,5.0,0.0
16,30,0.0,0.0,7.3,1.5789564428051401,0.0,0.0,0.0,5.0,0.0,1.0,0.0,0.0,6.734977693452239,7.86502230654776,0.0,0.0,5.0,5.0,0.0
32,30,0.0,0.0,7.3,1.5789564428051401,0.0,0.0,0.0,5.0,0.0,1.0,0.0,0.0,6.734977693452239,7.86502230654776,0.0,0.0,5.0,5.0,0.0
