{
  "run_id": "20260522_165338",
  "patient_id": "patient_85",
  "repetition": 5,
  "run": 1,
  "model": "meta-llama/Meta-Llama-3.1-8B-Instruct",
  "timestamp": "2026-05-22T17:12:01.841455",
  "ok": 1,
  "status_code": 200,
  "latency_s": 2.832326199997624,
  "micro_precision": 0.375,
  "micro_recall": 0.3333333333333333,
  "micro_f1": 0.35294117647058826,
  "omission_count": 6,
  "hallucination_count": 5,
  "drift_vs_1x": 0.2222222222222222,
  "drift_vs_gold": 0.7857142857142857,
  "drift_score": 0.503968253968254,
  "extracted_entities_n": 8
}