{
  "patient_id": "patient_77",
  "repetition": 1,
  "run": 1,
  "micro_precision": 0.5714285714285714,
  "micro_recall": 0.5714285714285714,
  "micro_f1": 0.5714285714285714,
  "omission_count": 3,
  "hallucination_count": 3,
  "extracted_entities_n": 7
}