{
  "run_id": "20260522_161848",
  "patient_id": "patient_12",
  "repetition": 16,
  "run": 1,
  "model": "meta-llama/Meta-Llama-3.1-8B-Instruct",
  "timestamp": "2026-05-22T16:21:50.739895",
  "ok": 1,
  "status_code": 200,
  "latency_s": 5.1210131000043475,
  "micro_precision": 0.14285714285714285,
  "micro_recall": 0.14285714285714285,
  "micro_f1": 0.14285714285714285,
  "omission_count": 6,
  "hallucination_count": 6,
  "drift_vs_1x": 0.9230769230769231,
  "drift_vs_gold": 0.9230769230769231,
  "drift_score": 0.9230769230769231,
  "extracted_entities_n": 7
}