repetition,n,f1_mean,f1_std,omission_mean,omission_std,halluc_mean,halluc_std,raw_json_valid_rate,sds_mean,sds_std,repair_rate,f1_ci_low,f1_ci_high,omission_ci_low,omission_ci_high,halluc_ci_low,halluc_ci_high,sds_ci_low,sds_ci_high
5,10,0.428422035480859,0.18508651133295595,4.2,1.6193277068654826,3.9,1.286683937707919,1.0,0.0,0.0,0.0,0.3137042272434642,0.5431398437182537,3.196330288945169,5.203669711054832,3.1025050331053983,4.6974949668946016,0.0,0.0
10,10,0.34183706816059756,0.21448178891488004,4.8,1.8135294011647258,4.4,1.429840705968481,1.0,0.0,0.0,0.0,0.20889987811929644,0.47477425820189867,3.675962831773097,5.924037168226903,3.513775548871632,5.286224451128368,0.0,0.0
16,10,0.31096171802054157,0.13664956677585113,5.1,1.5238839267549946,4.9,1.449137674618944,1.0,0.0,0.0,0.0,0.22626543905229718,0.39565799698878595,4.15548695673967,6.044513043260329,4.001815163788656,5.798184836211345,0.0,0.0
