repetition,redundancy_f1_mean,redundancy_omission_mean,redundancy_halluc_mean,redundancy_raw_json_valid_rate,redundancy_sds_mean,redundancy_repair_rate,redundancy_output_variance_mean,control_f1_mean,control_omission_mean,control_halluc_mean,control_raw_json_valid_rate,control_sds_mean,control_repair_rate,control_output_variance_mean
1,0.4990102707749766,3.8333333333333335,3.533333333333333,1.0,0.0,0.0,0.0523782800878924,0.4935200746965452,3.8333333333333335,3.533333333333333,1.0,0.0,0.0,0.0523782800878924
2,0.4573926237161531,4.1,3.7,1.0,0.0,0.0,0.0,0.5223926237161531,3.7,3.3,1.0,0.0,0.0,0.0104756560175784
5,0.3249556489262371,5.0,4.6,1.0,0.0,0.0,0.0276176385917978,0.5098926237161531,3.8,3.4,1.0,0.0,0.0,0.0
10,0.3110060690943043,5.066666666666666,4.766666666666667,1.0,0.0,0.0,0.0224988521286628,0.5098926237161531,3.8,3.4,1.0,0.0,0.0,0.0
16,0.2919584500466853,5.2,4.9,1.0,0.0,0.0,0.0146931279207594,0.4817063492063492,4.033333333333333,3.3666666666666667,0.9666666666666668,0.1666666666666666,0.0333333333333333,0.0366647960615246
32,0.258625116713352,5.4,5.1,1.0,0.0,0.0,3.3306690738754695e-17,0.2538387919270272,5.466666666666667,5.066666666666666,1.0,0.0,0.0,0.0202030508910442
