{
  "model_key": "llama70b",
  "model": "meta-llama/Meta-Llama-3.1-70B-Instruct",
  "condition": "filler_control",
  "patient_id": "patient_02",
  "repetition": 10,
  "run": 1,
  "timestamp": "2026-05-22T01:03:39.357425",
  "latency_s": 5.099416699999892,
  "micro_precision": 0.14285714285714285,
  "micro_recall": 0.14285714285714285,
  "micro_f1": 0.14285714285714285,
  "omission_count": 6,
  "hallucination_count": 6,
  "drift_vs_1x": 0.0,
  "drift_vs_gold": 0.9230769230769231,
  "drift_score": 0.46153846153846156,
  "extracted_entities_n": 7,
  "pdf_pages": 3,
  "character_count": 5491,
  "estimated_tokens": 1373
}