{
  "run_id": "20260520_235546",
  "patient_id": "patient_04",
  "repetition": 32,
  "run": 1,
  "model": "meta-llama/Meta-Llama-3.1-8B-Instruct",
  "timestamp": "2026-05-21T00:06:46.714792",
  "ok": 1,
  "status_code": 200,
  "latency_s": 5.69270349999988,
  "micro_precision": 0.3333333333333333,
  "micro_recall": 0.3333333333333333,
  "micro_f1": 0.3333333333333333,
  "omission_count": 4,
  "hallucination_count": 4,
  "drift_vs_1x": 0.5,
  "drift_vs_gold": 0.8,
  "drift_score": 0.65,
  "extracted_entities_n": 6
}