{
  "model_key": "qwen72b",
  "model": "Qwen/Qwen2.5-72B-Instruct",
  "condition": "filler_control",
  "patient_id": "patient_05",
  "repetition": 5,
  "run": 3,
  "timestamp": "2026-05-22T02:42:44.196506",
  "latency_s": 4.484102700000221,
  "micro_precision": 0.375,
  "micro_recall": 0.3333333333333333,
  "micro_f1": 0.35294117647058826,
  "omission_count": 6,
  "hallucination_count": 5,
  "drift_vs_1x": 0.0,
  "drift_vs_gold": 0.7857142857142857,
  "drift_score": 0.39285714285714285,
  "extracted_entities_n": 8,
  "pdf_pages": 2,
  "character_count": 2545,
  "estimated_tokens": 637
}