{
  "run_id": "20260524_190520",
  "patient_id": "patient_31",
  "repetition": 5,
  "run": 1,
  "model": "meta-llama/Meta-Llama-3.1-70B-Instruct",
  "timestamp": "2026-05-24T19:36:36.910634",
  "ok": 1,
  "status_code": 200,
  "latency_s": 16.60065510000277,
  "micro_precision": 0.5555555555555556,
  "micro_recall": 0.5555555555555556,
  "micro_f1": 0.5555555555555556,
  "omission_count": 4,
  "hallucination_count": 4,
  "drift_vs_1x": 0.7857142857142857,
  "drift_vs_gold": 0.6153846153846154,
  "drift_score": 0.7005494505494505,
  "extracted_entities_n": 9
}