{
  "run_id": "20260522_165338",
  "patient_id": "patient_79",
  "repetition": 10,
  "run": 1,
  "model": "meta-llama/Meta-Llama-3.1-8B-Instruct",
  "timestamp": "2026-05-22T17:10:49.831123",
  "ok": 1,
  "status_code": 200,
  "latency_s": 1.8617445999989286,
  "micro_precision": 0.6,
  "micro_recall": 0.6,
  "micro_f1": 0.6,
  "omission_count": 2,
  "hallucination_count": 2,
  "drift_vs_1x": 0.8888888888888888,
  "drift_vs_gold": 0.5714285714285714,
  "drift_score": 0.7301587301587301,
  "extracted_entities_n": 5
}