model_key,repetition,F1_drop_redundancy,F1_drop_control,DRE
llama70b,2,0.0,0.0,0.0
llama70b,5,-0.05135387488328663,-0.05898254251195428,0.007628667628667651
llama70b,10,-0.05135387488328663,-0.08037698412698407,0.029023109243697442
llama70b,16,-0.05135387488328663,-0.07711909006026657,0.02576521517697994
