model_key,condition,repetition,f1_mean,omission_mean,halluc_mean,entities_mean
llama70b,filler_control,2,0.47157796451914097,3.933333333333333,3.7333333333333334,7.1
llama70b,filler_control,5,0.5305605070310953,3.6363636363636362,3.484848484848485,7.303030303030303
llama70b,filler_control,10,0.551954948646125,3.4375,3.34375,7.3125
llama70b,filler_control,16,0.5486970545794075,3.484848484848485,3.393939393939394,7.363636363636363
llama70b,redundancy,2,0.4982446311858076,3.8,3.6,7.1
llama70b,redundancy,5,0.5495985060690942,3.4,3.3,7.2
llama70b,redundancy,10,0.5495985060690942,3.4,3.3,7.2
llama70b,redundancy,16,0.5495985060690942,3.4,3.3,7.2
