repetition,n,f1_mean,f1_std,omission_mean,omission_std,halluc_mean,halluc_std,raw_json_valid_rate,sds_mean,sds_std,repair_rate,f1_ci_low,f1_ci_high,omission_ci_low,omission_ci_high,halluc_ci_low,halluc_ci_high,sds_ci_low,sds_ci_high
5,10,0.428422035480859,0.18508651133295595,4.2,1.6193277068654826,3.9,1.286683937707919,1.0,0.0,0.0,0.0,0.3137042272434642,0.5431398437182537,3.196330288945169,5.203669711054832,3.1025050331053983,4.6974949668946016,0.0,0.0
10,10,0.3697735760971055,0.17013516886616334,4.6,1.577621275493231,4.2,1.0327955589886444,1.0,0.0,0.0,0.0,0.26432270592907464,0.4752244462651363,3.6221802029230763,5.577819797076923,3.559866680552663,4.840133319447338,0.0,0.0
16,10,0.33318394024276377,0.13866931304939925,4.9,1.3703203194062976,4.7,1.2516655570345725,1.0,0.0,0.0,0.0,0.24723580956458965,0.41913207092093785,4.050666666666667,5.749333333333333,3.924209650313523,5.475790349686477,0.0,0.0
