{
  "model_key": "qwen72b",
  "model": "Qwen/Qwen2.5-72B-Instruct",
  "condition": "redundancy",
  "patient_id": "patient_01",
  "repetition": 5,
  "run": 3,
  "timestamp": "2026-05-22T02:22:00.748038",
  "latency_s": 5.770035100000314,
  "micro_precision": 0.5,
  "micro_recall": 0.4444444444444444,
  "micro_f1": 0.47058823529411764,
  "omission_count": 5,
  "hallucination_count": 4,
  "drift_vs_1x": 0.0,
  "drift_vs_gold": 0.6923076923076923,
  "drift_score": 0.34615384615384615,
  "extracted_entities_n": 8,
  "pdf_pages": 3,
  "character_count": 3599,
  "estimated_tokens": 900
}