{
  "run_id": "20260522_165338",
  "patient_id": "patient_43",
  "repetition": 16,
  "run": 1,
  "model": "meta-llama/Meta-Llama-3.1-8B-Instruct",
  "timestamp": "2026-05-22T17:02:52.647125",
  "ok": 1,
  "status_code": 200,
  "latency_s": 3.206067700004496,
  "micro_precision": 0.4444444444444444,
  "micro_recall": 0.4444444444444444,
  "micro_f1": 0.4444444444444444,
  "omission_count": 5,
  "hallucination_count": 5,
  "drift_vs_1x": 0.0,
  "drift_vs_gold": 0.7142857142857143,
  "drift_score": 0.35714285714285715,
  "extracted_entities_n": 9
}