{
  "run_id": "20260524_190520",
  "patient_id": "patient_09",
  "repetition": 5,
  "run": 1,
  "model": "meta-llama/Meta-Llama-3.1-70B-Instruct",
  "timestamp": "2026-05-24T19:13:51.381582",
  "ok": 1,
  "status_code": 200,
  "latency_s": 16.125449999999546,
  "micro_precision": 0.6,
  "micro_recall": 0.6,
  "micro_f1": 0.6,
  "omission_count": 2,
  "hallucination_count": 2,
  "drift_vs_1x": 0.8888888888888888,
  "drift_vs_gold": 0.5714285714285714,
  "drift_score": 0.7301587301587301,
  "extracted_entities_n": 5
}