{
  "run_id": "20260520_192127",
  "patient_id": "patient_10",
  "repetition": 5,
  "run": 2,
  "model": "meta-llama/Meta-Llama-3.1-8B-Instruct",
  "timestamp": "2026-05-20T20:09:55.044666",
  "ok": 1,
  "status_code": 200,
  "latency_s": 6.328324000000066,
  "micro_precision": 0.42857142857142855,
  "micro_recall": 0.42857142857142855,
  "micro_f1": 0.42857142857142855,
  "omission_count": 4,
  "hallucination_count": 4,
  "drift_vs_1x": 0.0,
  "drift_vs_gold": 0.7272727272727273,
  "drift_score": 0.36363636363636365,
  "extracted_entities_n": 7
}