{
  "model_key": "qwen72b",
  "model": "Qwen/Qwen2.5-72B-Instruct",
  "condition": "filler_control",
  "patient_id": "patient_10",
  "repetition": 2,
  "run": 1,
  "timestamp": "2026-05-22T01:25:36.996493",
  "latency_s": 8.334905600000639,
  "micro_precision": 0.42857142857142855,
  "micro_recall": 0.42857142857142855,
  "micro_f1": 0.42857142857142855,
  "omission_count": 4,
  "hallucination_count": 4,
  "drift_vs_1x": 0.0,
  "drift_vs_gold": 0.7272727272727273,
  "drift_score": 0.36363636363636365,
  "extracted_entities_n": 7,
  "pdf_pages": 1,
  "character_count": 1071,
  "estimated_tokens": 268
}