{
  "run_id": "20260524_214255",
  "patient_id": "patient_52",
  "repetition": 16,
  "run": 1,
  "model": "meta-llama/Meta-Llama-3.1-70B-Instruct",
  "timestamp": "2026-05-24T22:45:49.643132",
  "ok": 1,
  "status_code": 200,
  "latency_s": 25.97661629999493,
  "micro_precision": 0.14285714285714285,
  "micro_recall": 0.14285714285714285,
  "micro_f1": 0.14285714285714285,
  "omission_count": 6,
  "hallucination_count": 6,
  "drift_vs_1x": 0.8333333333333334,
  "drift_vs_gold": 0.9230769230769231,
  "drift_score": 0.8782051282051282,
  "extracted_entities_n": 7
}