{
  "patient_id": "patient_42",
  "repetition": 1,
  "run": 1,
  "micro_precision": 0.14285714285714285,
  "micro_recall": 0.14285714285714285,
  "micro_f1": 0.14285714285714285,
  "omission_count": 6,
  "hallucination_count": 6,
  "extracted_entities_n": 7
}