{
  "run_id": "20260522_161848",
  "patient_id": "patient_78",
  "repetition": 5,
  "run": 1,
  "model": "meta-llama/Meta-Llama-3.1-8B-Instruct",
  "timestamp": "2026-05-22T16:37:02.036305",
  "ok": 1,
  "status_code": 200,
  "latency_s": 2.447447300000931,
  "micro_precision": 0.5,
  "micro_recall": 0.4444444444444444,
  "micro_f1": 0.47058823529411764,
  "omission_count": 5,
  "hallucination_count": 4,
  "drift_vs_1x": 0.2222222222222222,
  "drift_vs_gold": 0.6923076923076923,
  "drift_score": 0.45726495726495725,
  "extracted_entities_n": 8
}