{
  "run_id": "20260520_192127",
  "patient_id": "patient_04",
  "repetition": 5,
  "run": 2,
  "model": "meta-llama/Meta-Llama-3.1-8B-Instruct",
  "timestamp": "2026-05-20T19:26:50.621383",
  "ok": 1,
  "status_code": 200,
  "latency_s": 2.8789176999998745,
  "micro_precision": 0.6666666666666666,
  "micro_recall": 0.6666666666666666,
  "micro_f1": 0.6666666666666666,
  "omission_count": 2,
  "hallucination_count": 2,
  "drift_vs_1x": 0.0,
  "drift_vs_gold": 0.5,
  "drift_score": 0.25,
  "extracted_entities_n": 6
}