{
  "run_id": "20260520_235546",
  "patient_id": "patient_06",
  "repetition": 32,
  "run": 2,
  "model": "meta-llama/Meta-Llama-3.1-8B-Instruct",
  "timestamp": "2026-05-21T00:10:01.455193",
  "ok": 1,
  "status_code": 200,
  "latency_s": 8.215526800000134,
  "micro_precision": 0.2,
  "micro_recall": 0.2,
  "micro_f1": 0.20000000000000004,
  "omission_count": 4,
  "hallucination_count": 4,
  "drift_vs_1x": 0.8888888888888888,
  "drift_vs_gold": 0.8888888888888888,
  "drift_score": 0.8888888888888888,
  "extracted_entities_n": 5
}