repetition,n,f1_mean,f1_std,omission_mean,omission_std,halluc_mean,halluc_std,raw_json_valid_rate,sds_mean,sds_std,repair_rate,f1_ci_low,f1_ci_high,omission_ci_low,omission_ci_high,halluc_ci_low,halluc_ci_high,sds_ci_low,sds_ci_high,condition
1,100,0.4808043884220355,0.15347672152244451,3.91,1.5833413077949103,3.6,1.2472191289246468,1.0,0.0,0.0,0.0,0.45072295100363635,0.5108858258404346,3.599665103672198,4.2203348963278025,3.355545050730769,3.844454949269231,0.0,0.0,filler_control
5,100,0.5143926237161531,0.12674300722530155,3.74,1.6056717653934816,3.34,1.182532806472547,1.0,0.0,0.0,0.0,0.48955099429999405,0.5392342531323122,3.425288333982878,4.0547116660171225,3.1082235699313805,3.5717764300686192,0.0,0.0,filler_control
10,100,0.5098926237161531,0.13889875534909726,3.8,1.7865942997555972,3.4,1.2870763988845637,1.0,0.0,0.0,0.0,0.48266846766773003,0.5371167797645762,3.4498275172479027,4.1501724827520965,3.1477330258186256,3.6522669741813742,0.0,0.0,filler_control
16,100,0.5104794584500467,0.14066959319463462,3.79,1.7769284587384901,3.41,1.3188225541341525,1.0,0.0,0.0,0.0,0.48290821818389834,0.5380506987161952,3.441722022087256,4.138277977912744,3.151510779389706,3.668489220610294,0.0,0.0,filler_control
1,100,0.47151027077497665,0.16141963946184437,3.98,1.6513233138512537,3.63,1.2525126261989852,1.0,0.0,0.0,0.0,0.4398720214404551,0.5031485201094982,3.6563406304851545,4.303659369514846,3.3845075252649988,3.875492474735001,0.0,0.0,section_redundancy
5,100,0.49161531279178333,0.13897808500452438,3.9,1.6483845780556543,3.6,1.3632996217214535,1.0,0.0,0.0,0.0,0.46437560813089657,0.5188550174526702,3.576916622701092,4.2230833772989085,3.3327932741425954,3.8672067258574048,0.0,0.0,section_redundancy
10,100,0.4273015873015873,0.1718964199700324,4.3,1.7436754400988848,4.06,1.5230219826371385,1.0,0.0,0.0,0.0,0.39360988898746097,0.4609932856157136,3.9582396137406186,4.6417603862593815,3.7614876914031203,4.358512308596879,0.0,0.0,section_redundancy
16,100,0.42366013071895425,0.1773623164638062,4.3,1.6847503786566835,4.1,1.5208981928884369,1.0,0.0,0.0,0.0,0.38889711669204824,0.45842314474586027,3.96978892578329,4.63021107421671,3.801903954193866,4.398096045806133,0.0,0.0,section_redundancy
