{
  "run_id": "20260524_190520",
  "patient_id": "patient_11",
  "repetition": 1,
  "run": 1,
  "model": "meta-llama/Meta-Llama-3.1-70B-Instruct",
  "timestamp": "2026-05-24T19:15:37.311466",
  "ok": 1,
  "status_code": 200,
  "latency_s": 30.710188600001857,
  "micro_precision": 0.25,
  "micro_recall": 0.2222222222222222,
  "micro_f1": 0.23529411764705882,
  "omission_count": 7,
  "hallucination_count": 6,
  "drift_vs_1x": 0.0,
  "drift_vs_gold": 0.8666666666666667,
  "drift_score": 0.43333333333333335,
  "extracted_entities_n": 8
}