repetition,n,f1_mean,f1_std,omission_mean,omission_std,halluc_mean,halluc_std,raw_json_valid_rate,sds_mean,sds_std,repair_rate,f1_ci_low,f1_ci_high,omission_ci_low,omission_ci_high,halluc_ci_low,halluc_ci_high,sds_ci_low,sds_ci_high,output_variance_mean
1,30,0.4639449112978525,0.17477597772350525,4.033333333333333,1.6914252984479936,3.5,1.4323840748664567,0.9666666666666667,0.16666666666666666,0.9128709291752769,0.03333333333333333,0.4014021308985188,0.5264876916971861,3.4280645636740155,4.6386021029926505,2.987427941707189,4.012572058292811,-0.16000000000000006,0.4933333333333334,0.10813889447959131
2,30,0.4573926237161531,0.1853093715701948,4.1,1.9000907419347652,3.7,1.3683617186633976,1.0,0.0,0.0,0.0,0.3910805167377663,0.5237047306945398,3.420061260365926,4.779938739634073,3.2103380476428596,4.189661952357141,0.0,0.0,0.0
5,30,0.32495564892623713,0.21181582021761278,5.0,2.084425001338954,4.6,1.6525841832592438,1.0,0.0,0.0,0.0,0.24915833111673552,0.40075296673573874,4.25409809279476,5.74590190720524,4.008630344906405,5.191369655093594,0.0,0.0,0.02036526134885887
10,30,0.30148225957049485,0.18159166349653863,5.133333333333334,1.7952683659406268,4.833333333333333,1.4403862827999165,1.0,0.0,0.0,0.0,0.23650051734055966,0.36646400180043004,4.490904799209935,5.775761867456732,4.317897721707787,5.348768944958879,0.0,0.0,0.02249885212866288
16,30,0.25492141300964827,0.1708615035245053,5.466666666666667,1.7759569219172375,4.666666666666667,1.8067561584486027,0.9333333333333333,0.3333333333333333,1.268540658512312,0.06666666666666667,0.19377940921242987,0.31606341680686667,4.831148644036213,6.102184689297121,4.020127278789464,5.31320605454387,-0.12060811140270539,0.7872747780693721,0.09428090415820636
32,30,0.2581349206349206,0.12638791755917944,5.4,1.4762487408386114,4.9,1.398274799098197,0.9666666666666667,0.16666666666666666,0.9128709291752768,0.03333333333333333,0.21290758518532024,0.30336225608452094,4.871731172580676,5.928268827419325,4.399633789282704,5.400366210717297,-0.16,0.4933333333333333,0.009646296030962443
