repetition,n,f1_mean,f1_std,omission_mean,omission_std,halluc_mean,halluc_std,raw_json_valid_rate,sds_mean,sds_std,repair_rate,f1_ci_low,f1_ci_high,omission_ci_low,omission_ci_high,halluc_ci_low,halluc_ci_high,sds_ci_low,sds_ci_high,output_variance_mean
5,30,0.42842203548085894,0.1785902119465137,4.2,1.5624913792865631,3.9,1.2415229801920007,1.0,0.0,0.0,0.0,0.3645143488941393,0.4923297220675786,3.6408696407628276,4.759130359237172,3.4557267072840303,4.344273292715969,0.0,0.0,0.0
10,30,0.3570751633986928,0.1761372841017215,4.733333333333333,1.7406565018610838,4.333333333333333,1.347624559743176,1.0,0.0,0.0,0.0,0.29404524576815627,0.4201050810292293,4.110447403787599,5.356219262879068,3.85109207799272,4.815574588673946,0.0,0.0,0.022260769037354283
16,30,0.32583099906629315,0.142039590789647,4.966666666666667,1.4499306364701425,4.7,1.2077336998093464,1.0,0.0,0.0,0.0,0.27500278428255526,0.37665921385003104,4.44781565194382,5.4855176813895135,4.2678180459814286,5.132181954018572,0.0,0.0,0.01806030306926682
